taxa,segment,assembly
Hepacivirus,wg,https://github.com/DOH-JDJ0303/vaper/blob/f244069f331775452a2a2543bfdb3d76ae92e776/assets/reference_sets/1716317527-epitome/references/Hepacivirus-wg-59.fa.gz
Hepacivirus,wg,https://github.com/DOH-JDJ0303/vaper/blob/f244069f331775452a2a2543bfdb3d76ae92e776/assets/reference_sets/1716317527-epitome/references/Hepacivirus-wg-27.fa.gz
Influenza_A,seg-6_NA,https://github.com/DOH-JDJ0303/vaper/blob/f244069f331775452a2a2543bfdb3d76ae92e776/assets/reference_sets/1716317527-epitome/references/Influenza_A-seg-6_NA-8.fa.gz
Influenza_A,seg-2_PB1,https://github.com/DOH-JDJ0303/vaper/blob/f244069f331775452a2a2543bfdb3d76ae92e776/assets/reference_sets/1716317527-epitome/references/Influenza_A-seg-2_PB1-11.fa.gz
Norovirus,wg,https://github.com/DOH-JDJ0303/vaper/blob/f244069f331775452a2a2543bfdb3d76ae92e776/assets/reference_sets/1716317527-epitome/references/Norovirus-wg-36.fa.gz
Hepacivirus,wg,https://github.com/DOH-JDJ0303/vaper/blob/f244069f331775452a2a2543bfdb3d76ae92e776/assets/reference_sets/1716317527-epitome/references/Hepacivirus-wg-76.fa.gz
Lyssavirus_rabies,wg,https://github.com/DOH-JDJ0303/vaper/blob/f244069f331775452a2a2543bfdb3d76ae92e776/assets/reference_sets/1716317527-epitome/references/Lyssavirus_rabies-wg-19.fa.gz
Hepacivirus,wg,https://github.com/DOH-JDJ0303/vaper/blob/f244069f331775452a2a2543bfdb3d76ae92e776/assets/reference_sets/1716317527-epitome/references/Hepacivirus-wg-44.fa.gz
Hepacivirus,wg,https://github.com/DOH-JDJ0303/vaper/blob/f244069f331775452a2a2543bfdb3d76ae92e776/assets/reference_sets/1716317527-epitome/references/Hepacivirus-wg-56.fa.gz
Influenza_A,seg-6_NA,https://github.com/DOH-JDJ0303/vaper/blob/f244069f331775452a2a2543bfdb3d76ae92e776/assets/reference_sets/1716317527-epitome/references/Influenza_A-seg-6_NA-7.fa.gz
Hepacivirus,wg,https://github.com/DOH-JDJ0303/vaper/blob/f244069f331775452a2a2543bfdb3d76ae92e776/assets/reference_sets/1716317527-epitome/references/Hepacivirus-wg-38.fa.gz
Norovirus,wg,https://github.com/DOH-JDJ0303/vaper/blob/f244069f331775452a2a2543bfdb3d76ae92e776/assets/reference_sets/1716317527-epitome/references/Norovirus-wg-56.fa.gz
Hepacivirus,wg,https://github.com/DOH-JDJ0303/vaper/blob/f244069f331775452a2a2543bfdb3d76ae92e776/assets/reference_sets/1716317527-epitome/references/Hepacivirus-wg-52.fa.gz
Norovirus,wg,https://github.com/DOH-JDJ0303/vaper/blob/f244069f331775452a2a2543bfdb3d76ae92e776/assets/reference_sets/1716317527-epitome/references/Norovirus-wg-11.fa.gz
Influenza_A,seg-4_HA,https://github.com/DOH-JDJ0303/vaper/blob/f244069f331775452a2a2543bfdb3d76ae92e776/assets/reference_sets/1716317527-epitome/references/Influenza_A-seg-4_HA-58.fa.gz
Hepatovirus,wg,https://github.com/DOH-JDJ0303/vaper/blob/f244069f331775452a2a2543bfdb3d76ae92e776/assets/reference_sets/1716317527-epitome/references/Hepatovirus-wg-12.fa.gz
Norovirus,wg,https://github.com/DOH-JDJ0303/vaper/blob/f244069f331775452a2a2543bfdb3d76ae92e776/assets/reference_sets/1716317527-epitome/references/Norovirus-wg-49.fa.gz
Hepacivirus,wg,https://github.com/DOH-JDJ0303/vaper/blob/f244069f331775452a2a2543bfdb3d76ae92e776/assets/reference_sets/1716317527-epitome/references/Hepacivirus-wg-39.fa.gz
Norovirus,wg,https://github.com/DOH-JDJ0303/vaper/blob/f244069f331775452a2a2543bfdb3d76ae92e776/assets/reference_sets/1716317527-epitome/references/Norovirus-wg-43.fa.gz
Hepacivirus,wg,https://github.com/DOH-JDJ0303/vaper/blob/f244069f331775452a2a2543bfdb3d76ae92e776/assets/reference_sets/1716317527-epitome/references/Hepacivirus-wg-61.fa.gz
Lyssavirus_rabies,wg,https://github.com/DOH-JDJ0303/vaper/blob/f244069f331775452a2a2543bfdb3d76ae92e776/assets/reference_sets/1716317527-epitome/references/Lyssavirus_rabies-wg-20.fa.gz
Influenza_A,seg-6_NA,https://github.com/DOH-JDJ0303/vaper/blob/f244069f331775452a2a2543bfdb3d76ae92e776/assets/reference_sets/1716317527-epitome/references/Influenza_A-seg-6_NA-31.fa.gz
Influenza_A,seg-6_NA,https://github.com/DOH-JDJ0303/vaper/blob/f244069f331775452a2a2543bfdb3d76ae92e776/assets/reference_sets/1716317527-epitome/references/Influenza_A-seg-6_NA-23.fa.gz
Influenza_A,seg-8_NS,https://github.com/DOH-JDJ0303/vaper/blob/f244069f331775452a2a2543bfdb3d76ae92e776/assets/reference_sets/1716317527-epitome/references/Influenza_A-seg-8_NS-17.fa.gz
Influenza_A,seg-4_HA,https://github.com/DOH-JDJ0303/vaper/blob/f244069f331775452a2a2543bfdb3d76ae92e776/assets/reference_sets/1716317527-epitome/references/Influenza_A-seg-4_HA-15.fa.gz
Lyssavirus_rabies,wg,https://github.com/DOH-JDJ0303/vaper/blob/f244069f331775452a2a2543bfdb3d76ae92e776/assets/reference_sets/1716317527-epitome/references/Lyssavirus_rabies-wg-1.fa.gz
Hepacivirus,wg,https://github.com/DOH-JDJ0303/vaper/blob/f244069f331775452a2a2543bfdb3d76ae92e776/assets/reference_sets/1716317527-epitome/references/Hepacivirus-wg-25.fa.gz
Influenza_A,seg-4_HA,https://github.com/DOH-JDJ0303/vaper/blob/f244069f331775452a2a2543bfdb3d76ae92e776/assets/reference_sets/1716317527-epitome/references/Influenza_A-seg-4_HA-10.fa.gz
Hepacivirus,wg,https://github.com/DOH-JDJ0303/vaper/blob/f244069f331775452a2a2543bfdb3d76ae92e776/assets/reference_sets/1716317527-epitome/references/Hepacivirus-wg-22.fa.gz
Norovirus,wg,https://github.com/DOH-JDJ0303/vaper/blob/f244069f331775452a2a2543bfdb3d76ae92e776/assets/reference_sets/1716317527-epitome/references/Norovirus-wg-53.fa.gz
Influenza_A,seg-6_NA,https://github.com/DOH-JDJ0303/vaper/blob/f244069f331775452a2a2543bfdb3d76ae92e776/assets/reference_sets/1716317527-epitome/references/Influenza_A-seg-6_NA-41.fa.gz
Norovirus,wg,https://github.com/DOH-JDJ0303/vaper/blob/f244069f331775452a2a2543bfdb3d76ae92e776/assets/reference_sets/1716317527-epitome/references/Norovirus-wg-30.fa.gz
Hepacivirus,wg,https://github.com/DOH-JDJ0303/vaper/blob/f244069f331775452a2a2543bfdb3d76ae92e776/assets/reference_sets/1716317527-epitome/references/Hepacivirus-wg-31.fa.gz
Norovirus,wg,https://github.com/DOH-JDJ0303/vaper/blob/f244069f331775452a2a2543bfdb3d76ae92e776/assets/reference_sets/1716317527-epitome/references/Norovirus-wg-35.fa.gz
Hepacivirus,wg,https://github.com/DOH-JDJ0303/vaper/blob/f244069f331775452a2a2543bfdb3d76ae92e776/assets/reference_sets/1716317527-epitome/references/Hepacivirus-wg-3.fa.gz
Hepacivirus,wg,https://github.com/DOH-JDJ0303/vaper/blob/f244069f331775452a2a2543bfdb3d76ae92e776/assets/reference_sets/1716317527-epitome/references/Hepacivirus-wg-66.fa.gz
Influenza_A,seg-4_HA,https://github.com/DOH-JDJ0303/vaper/blob/f244069f331775452a2a2543bfdb3d76ae92e776/assets/reference_sets/1716317527-epitome/references/Influenza_A-seg-4_HA-1.fa.gz
Lyssavirus_rabies,wg,https://github.com/DOH-JDJ0303/vaper/blob/f244069f331775452a2a2543bfdb3d76ae92e776/assets/reference_sets/1716317527-epitome/references/Lyssavirus_rabies-wg-9.fa.gz
Influenza_B,seg-8_NS,https://github.com/DOH-JDJ0303/vaper/blob/f244069f331775452a2a2543bfdb3d76ae92e776/assets/reference_sets/1716317527-epitome/references/Influenza_B-seg-8_NS-1.fa.gz
Influenza_A,seg-4_HA,https://github.com/DOH-JDJ0303/vaper/blob/f244069f331775452a2a2543bfdb3d76ae92e776/assets/reference_sets/1716317527-epitome/references/Influenza_A-seg-4_HA-60.fa.gz
Norovirus,wg,https://github.com/DOH-JDJ0303/vaper/blob/f244069f331775452a2a2543bfdb3d76ae92e776/assets/reference_sets/1716317527-epitome/references/Norovirus-wg-5.fa.gz
Influenza_A,seg-1_PB2,https://github.com/DOH-JDJ0303/vaper/blob/f244069f331775452a2a2543bfdb3d76ae92e776/assets/reference_sets/1716317527-epitome/references/Influenza_A-seg-1_PB2-14.fa.gz
Influenza_A,seg-4_HA,https://github.com/DOH-JDJ0303/vaper/blob/f244069f331775452a2a2543bfdb3d76ae92e776/assets/reference_sets/1716317527-epitome/references/Influenza_A-seg-4_HA-16.fa.gz
Influenza_A,seg-6_NA,https://github.com/DOH-JDJ0303/vaper/blob/f244069f331775452a2a2543bfdb3d76ae92e776/assets/reference_sets/1716317527-epitome/references/Influenza_A-seg-6_NA-38.fa.gz
Influenza_A,seg-8_NS,https://github.com/DOH-JDJ0303/vaper/blob/f244069f331775452a2a2543bfdb3d76ae92e776/assets/reference_sets/1716317527-epitome/references/Influenza_A-seg-8_NS-12.fa.gz
Influenza_A,seg-4_HA,https://github.com/DOH-JDJ0303/vaper/blob/f244069f331775452a2a2543bfdb3d76ae92e776/assets/reference_sets/1716317527-epitome/references/Influenza_A-seg-4_HA-14.fa.gz
Norovirus,wg,https://github.com/DOH-JDJ0303/vaper/blob/f244069f331775452a2a2543bfdb3d76ae92e776/assets/reference_sets/1716317527-epitome/references/Norovirus-wg-7.fa.gz
Hepacivirus,wg,https://github.com/DOH-JDJ0303/vaper/blob/f244069f331775452a2a2543bfdb3d76ae92e776/assets/reference_sets/1716317527-epitome/references/Hepacivirus-wg-60.fa.gz
Norovirus,wg,https://github.com/DOH-JDJ0303/vaper/blob/f244069f331775452a2a2543bfdb3d76ae92e776/assets/reference_sets/1716317527-epitome/references/Norovirus-wg-16.fa.gz
Influenza_A,seg-1_PB2,https://github.com/DOH-JDJ0303/vaper/blob/f244069f331775452a2a2543bfdb3d76ae92e776/assets/reference_sets/1716317527-epitome/references/Influenza_A-seg-1_PB2-2.fa.gz
Hepacivirus,wg,https://github.com/DOH-JDJ0303/vaper/blob/f244069f331775452a2a2543bfdb3d76ae92e776/assets/reference_sets/1716317527-epitome/references/Hepacivirus-wg-73.fa.gz
Hepatovirus,wg,https://github.com/DOH-JDJ0303/vaper/blob/f244069f331775452a2a2543bfdb3d76ae92e776/assets/reference_sets/1716317527-epitome/references/Hepatovirus-wg-6.fa.gz
Influenza_A,seg-4_HA,https://github.com/DOH-JDJ0303/vaper/blob/f244069f331775452a2a2543bfdb3d76ae92e776/assets/reference_sets/1716317527-epitome/references/Influenza_A-seg-4_HA-26.fa.gz
Influenza_A,seg-6_NA,https://github.com/DOH-JDJ0303/vaper/blob/f244069f331775452a2a2543bfdb3d76ae92e776/assets/reference_sets/1716317527-epitome/references/Influenza_A-seg-6_NA-27.fa.gz
Influenza_A,seg-6_NA,https://github.com/DOH-JDJ0303/vaper/blob/f244069f331775452a2a2543bfdb3d76ae92e776/assets/reference_sets/1716317527-epitome/references/Influenza_A-seg-6_NA-11.fa.gz
Influenza_A,seg-4_HA,https://github.com/DOH-JDJ0303/vaper/blob/f244069f331775452a2a2543bfdb3d76ae92e776/assets/reference_sets/1716317527-epitome/references/Influenza_A-seg-4_HA-45.fa.gz
Lyssavirus_rabies,wg,https://github.com/DOH-JDJ0303/vaper/blob/f244069f331775452a2a2543bfdb3d76ae92e776/assets/reference_sets/1716317527-epitome/references/Lyssavirus_rabies-wg-5.fa.gz
Hepacivirus,wg,https://github.com/DOH-JDJ0303/vaper/blob/f244069f331775452a2a2543bfdb3d76ae92e776/assets/reference_sets/1716317527-epitome/references/Hepacivirus-wg-75.fa.gz
Hepacivirus,wg,https://github.com/DOH-JDJ0303/vaper/blob/f244069f331775452a2a2543bfdb3d76ae92e776/assets/reference_sets/1716317527-epitome/references/Hepacivirus-wg-67.fa.gz
Influenza_A,seg-6_NA,https://github.com/DOH-JDJ0303/vaper/blob/f244069f331775452a2a2543bfdb3d76ae92e776/assets/reference_sets/1716317527-epitome/references/Influenza_A-seg-6_NA-52.fa.gz
Influenza_A,seg-4_HA,https://github.com/DOH-JDJ0303/vaper/blob/f244069f331775452a2a2543bfdb3d76ae92e776/assets/reference_sets/1716317527-epitome/references/Influenza_A-seg-4_HA-42.fa.gz
Hepatovirus,wg,https://github.com/DOH-JDJ0303/vaper/blob/f244069f331775452a2a2543bfdb3d76ae92e776/assets/reference_sets/1716317527-epitome/references/Hepatovirus-wg-14.fa.gz
Norovirus,wg,https://github.com/DOH-JDJ0303/vaper/blob/f244069f331775452a2a2543bfdb3d76ae92e776/assets/reference_sets/1716317527-epitome/references/Norovirus-wg-25.fa.gz
Hepacivirus,wg,https://github.com/DOH-JDJ0303/vaper/blob/f244069f331775452a2a2543bfdb3d76ae92e776/assets/reference_sets/1716317527-epitome/references/Hepacivirus-wg-13.fa.gz
Influenza_A,seg-4_HA,https://github.com/DOH-JDJ0303/vaper/blob/f244069f331775452a2a2543bfdb3d76ae92e776/assets/reference_sets/1716317527-epitome/references/Influenza_A-seg-4_HA-18.fa.gz
Influenza_A,seg-3_PA,https://github.com/DOH-JDJ0303/vaper/blob/f244069f331775452a2a2543bfdb3d76ae92e776/assets/reference_sets/1716317527-epitome/references/Influenza_A-seg-3_PA-9.fa.gz
Norovirus,wg,https://github.com/DOH-JDJ0303/vaper/blob/f244069f331775452a2a2543bfdb3d76ae92e776/assets/reference_sets/1716317527-epitome/references/Norovirus-wg-59.fa.gz
Hepatovirus,wg,https://github.com/DOH-JDJ0303/vaper/blob/f244069f331775452a2a2543bfdb3d76ae92e776/assets/reference_sets/1716317527-epitome/references/Hepatovirus-wg-18.fa.gz
Norovirus,wg,https://github.com/DOH-JDJ0303/vaper/blob/f244069f331775452a2a2543bfdb3d76ae92e776/assets/reference_sets/1716317527-epitome/references/Norovirus-wg-29.fa.gz
Influenza_A,seg-4_HA,https://github.com/DOH-JDJ0303/vaper/blob/f244069f331775452a2a2543bfdb3d76ae92e776/assets/reference_sets/1716317527-epitome/references/Influenza_A-seg-4_HA-39.fa.gz
Hepacivirus,wg,https://github.com/DOH-JDJ0303/vaper/blob/f244069f331775452a2a2543bfdb3d76ae92e776/assets/reference_sets/1716317527-epitome/references/Hepacivirus-wg-5.fa.gz
Norovirus,wg,https://github.com/DOH-JDJ0303/vaper/blob/f244069f331775452a2a2543bfdb3d76ae92e776/assets/reference_sets/1716317527-epitome/references/Norovirus-wg-21.fa.gz
Influenza_A,seg-8_NS,https://github.com/DOH-JDJ0303/vaper/blob/f244069f331775452a2a2543bfdb3d76ae92e776/assets/reference_sets/1716317527-epitome/references/Influenza_A-seg-8_NS-16.fa.gz
Hepacivirus,wg,https://github.com/DOH-JDJ0303/vaper/blob/f244069f331775452a2a2543bfdb3d76ae92e776/assets/reference_sets/1716317527-epitome/references/Hepacivirus-wg-71.fa.gz
Hepacivirus,wg,https://github.com/DOH-JDJ0303/vaper/blob/f244069f331775452a2a2543bfdb3d76ae92e776/assets/reference_sets/1716317527-epitome/references/Hepacivirus-wg-21.fa.gz
Hepacivirus,wg,https://github.com/DOH-JDJ0303/vaper/blob/f244069f331775452a2a2543bfdb3d76ae92e776/assets/reference_sets/1716317527-epitome/references/Hepacivirus-wg-29.fa.gz
Influenza_A,seg-6_NA,https://github.com/DOH-JDJ0303/vaper/blob/f244069f331775452a2a2543bfdb3d76ae92e776/assets/reference_sets/1716317527-epitome/references/Influenza_A-seg-6_NA-30.fa.gz
Influenza_A,seg-4_HA,https://github.com/DOH-JDJ0303/vaper/blob/f244069f331775452a2a2543bfdb3d76ae92e776/assets/reference_sets/1716317527-epitome/references/Influenza_A-seg-4_HA-48.fa.gz
Mumps_orthorubulavirus,wg,https://github.com/DOH-JDJ0303/vaper/blob/f244069f331775452a2a2543bfdb3d76ae92e776/assets/reference_sets/1716317527-epitome/references/Mumps_orthorubulavirus-wg-1.fa.gz
Norovirus,wg,https://github.com/DOH-JDJ0303/vaper/blob/f244069f331775452a2a2543bfdb3d76ae92e776/assets/reference_sets/1716317527-epitome/references/Norovirus-wg-19.fa.gz
Lyssavirus_rabies,wg,https://github.com/DOH-JDJ0303/vaper/blob/f244069f331775452a2a2543bfdb3d76ae92e776/assets/reference_sets/1716317527-epitome/references/Lyssavirus_rabies-wg-6.fa.gz
Hepatovirus,wg,https://github.com/DOH-JDJ0303/vaper/blob/f244069f331775452a2a2543bfdb3d76ae92e776/assets/reference_sets/1716317527-epitome/references/Hepatovirus-wg-8.fa.gz
Norovirus,wg,https://github.com/DOH-JDJ0303/vaper/blob/f244069f331775452a2a2543bfdb3d76ae92e776/assets/reference_sets/1716317527-epitome/references/Norovirus-wg-8.fa.gz
Norovirus,wg,https://github.com/DOH-JDJ0303/vaper/blob/f244069f331775452a2a2543bfdb3d76ae92e776/assets/reference_sets/1716317527-epitome/references/Norovirus-wg-52.fa.gz
Hepacivirus,wg,https://github.com/DOH-JDJ0303/vaper/blob/f244069f331775452a2a2543bfdb3d76ae92e776/assets/reference_sets/1716317527-epitome/references/Hepacivirus-wg-51.fa.gz
Norovirus,wg,https://github.com/DOH-JDJ0303/vaper/blob/f244069f331775452a2a2543bfdb3d76ae92e776/assets/reference_sets/1716317527-epitome/references/Norovirus-wg-62.fa.gz
Influenza_A,seg-4_HA,https://github.com/DOH-JDJ0303/vaper/blob/f244069f331775452a2a2543bfdb3d76ae92e776/assets/reference_sets/1716317527-epitome/references/Influenza_A-seg-4_HA-7.fa.gz
Norovirus,wg,https://github.com/DOH-JDJ0303/vaper/blob/f244069f331775452a2a2543bfdb3d76ae92e776/assets/reference_sets/1716317527-epitome/references/Norovirus-wg-32.fa.gz
Influenza_A,seg-5_NP,https://github.com/DOH-JDJ0303/vaper/blob/f244069f331775452a2a2543bfdb3d76ae92e776/assets/reference_sets/1716317527-epitome/references/Influenza_A-seg-5_NP-6.fa.gz
Hepacivirus,wg,https://github.com/DOH-JDJ0303/vaper/blob/f244069f331775452a2a2543bfdb3d76ae92e776/assets/reference_sets/1716317527-epitome/references/Hepacivirus-wg-65.fa.gz
Influenza_A,seg-1_PB2,https://github.com/DOH-JDJ0303/vaper/blob/f244069f331775452a2a2543bfdb3d76ae92e776/assets/reference_sets/1716317527-epitome/references/Influenza_A-seg-1_PB2-18.fa.gz
Influenza_A,seg-6_NA,https://github.com/DOH-JDJ0303/vaper/blob/f244069f331775452a2a2543bfdb3d76ae92e776/assets/reference_sets/1716317527-epitome/references/Influenza_A-seg-6_NA-5.fa.gz
Hepatovirus,wg,https://github.com/DOH-JDJ0303/vaper/blob/f244069f331775452a2a2543bfdb3d76ae92e776/assets/reference_sets/1716317527-epitome/references/Hepatovirus-wg-10.fa.gz
Influenza_A,seg-6_NA,https://github.com/DOH-JDJ0303/vaper/blob/f244069f331775452a2a2543bfdb3d76ae92e776/assets/reference_sets/1716317527-epitome/references/Influenza_A-seg-6_NA-16.fa.gz
Hepatovirus,wg,https://github.com/DOH-JDJ0303/vaper/blob/f244069f331775452a2a2543bfdb3d76ae92e776/assets/reference_sets/1716317527-epitome/references/Hepatovirus-wg-4.fa.gz
Influenza_A,seg-6_NA,https://github.com/DOH-JDJ0303/vaper/blob/f244069f331775452a2a2543bfdb3d76ae92e776/assets/reference_sets/1716317527-epitome/references/Influenza_A-seg-6_NA-37.fa.gz
Hepacivirus,wg,https://github.com/DOH-JDJ0303/vaper/blob/f244069f331775452a2a2543bfdb3d76ae92e776/assets/reference_sets/1716317527-epitome/references/Hepacivirus-wg-50.fa.gz
Influenza_A,seg-7_MP,https://github.com/DOH-JDJ0303/vaper/blob/f244069f331775452a2a2543bfdb3d76ae92e776/assets/reference_sets/1716317527-epitome/references/Influenza_A-seg-7_MP-5.fa.gz
Hepacivirus,wg,https://github.com/DOH-JDJ0303/vaper/blob/f244069f331775452a2a2543bfdb3d76ae92e776/assets/reference_sets/1716317527-epitome/references/Hepacivirus-wg-35.fa.gz
Influenza_A,seg-1_PB2,https://github.com/DOH-JDJ0303/vaper/blob/f244069f331775452a2a2543bfdb3d76ae92e776/assets/reference_sets/1716317527-epitome/references/Influenza_A-seg-1_PB2-3.fa.gz
Hepatovirus,wg,https://github.com/DOH-JDJ0303/vaper/blob/f244069f331775452a2a2543bfdb3d76ae92e776/assets/reference_sets/1716317527-epitome/references/Hepatovirus-wg-16.fa.gz
Hepacivirus,wg,https://github.com/DOH-JDJ0303/vaper/blob/f244069f331775452a2a2543bfdb3d76ae92e776/assets/reference_sets/1716317527-epitome/references/Hepacivirus-wg-41.fa.gz
Hepatovirus,wg,https://github.com/DOH-JDJ0303/vaper/blob/f244069f331775452a2a2543bfdb3d76ae92e776/assets/reference_sets/1716317527-epitome/references/Hepatovirus-wg-11.fa.gz
Influenza_A,seg-6_NA,https://github.com/DOH-JDJ0303/vaper/blob/f244069f331775452a2a2543bfdb3d76ae92e776/assets/reference_sets/1716317527-epitome/references/Influenza_A-seg-6_NA-14.fa.gz
Hepacivirus,wg,https://github.com/DOH-JDJ0303/vaper/blob/f244069f331775452a2a2543bfdb3d76ae92e776/assets/reference_sets/1716317527-epitome/references/Hepacivirus-wg-23.fa.gz
Influenza_A,seg-8_NS,https://github.com/DOH-JDJ0303/vaper/blob/f244069f331775452a2a2543bfdb3d76ae92e776/assets/reference_sets/1716317527-epitome/references/Influenza_A-seg-8_NS-6.fa.gz
Respiratory_Syncytial_Virus,wg,https://github.com/DOH-JDJ0303/vaper/blob/f244069f331775452a2a2543bfdb3d76ae92e776/assets/reference_sets/1716317527-epitome/references/Respiratory_Syncytial_Virus-wg-1.fa.gz
Norovirus,wg,https://github.com/DOH-JDJ0303/vaper/blob/f244069f331775452a2a2543bfdb3d76ae92e776/assets/reference_sets/1716317527-epitome/references/Norovirus-wg-10.fa.gz
Hepacivirus,wg,https://github.com/DOH-JDJ0303/vaper/blob/f244069f331775452a2a2543bfdb3d76ae92e776/assets/reference_sets/1716317527-epitome/references/Hepacivirus-wg-55.fa.gz
Hepacivirus,wg,https://github.com/DOH-JDJ0303/vaper/blob/f244069f331775452a2a2543bfdb3d76ae92e776/assets/reference_sets/1716317527-epitome/references/Hepacivirus-wg-42.fa.gz
Influenza_A,seg-7_MP,https://github.com/DOH-JDJ0303/vaper/blob/f244069f331775452a2a2543bfdb3d76ae92e776/assets/reference_sets/1716317527-epitome/references/Influenza_A-seg-7_MP-6.fa.gz
Hepacivirus,wg,https://github.com/DOH-JDJ0303/vaper/blob/f244069f331775452a2a2543bfdb3d76ae92e776/assets/reference_sets/1716317527-epitome/references/Hepacivirus-wg-58.fa.gz
Lyssavirus_rabies,wg,https://github.com/DOH-JDJ0303/vaper/blob/f244069f331775452a2a2543bfdb3d76ae92e776/assets/reference_sets/1716317527-epitome/references/Lyssavirus_rabies-wg-16.fa.gz
Hepatovirus,wg,https://github.com/DOH-JDJ0303/vaper/blob/f244069f331775452a2a2543bfdb3d76ae92e776/assets/reference_sets/1716317527-epitome/references/Hepatovirus-wg-17.fa.gz
Norovirus,wg,https://github.com/DOH-JDJ0303/vaper/blob/f244069f331775452a2a2543bfdb3d76ae92e776/assets/reference_sets/1716317527-epitome/references/Norovirus-wg-13.fa.gz
Influenza_A,seg-2_PB1,https://github.com/DOH-JDJ0303/vaper/blob/f244069f331775452a2a2543bfdb3d76ae92e776/assets/reference_sets/1716317527-epitome/references/Influenza_A-seg-2_PB1-14.fa.gz
Influenza_A,seg-8_NS,https://github.com/DOH-JDJ0303/vaper/blob/f244069f331775452a2a2543bfdb3d76ae92e776/assets/reference_sets/1716317527-epitome/references/Influenza_A-seg-8_NS-1.fa.gz
Norovirus,wg,https://github.com/DOH-JDJ0303/vaper/blob/f244069f331775452a2a2543bfdb3d76ae92e776/assets/reference_sets/1716317527-epitome/references/Norovirus-wg-18.fa.gz
Norovirus,wg,https://github.com/DOH-JDJ0303/vaper/blob/f244069f331775452a2a2543bfdb3d76ae92e776/assets/reference_sets/1716317527-epitome/references/Norovirus-wg-28.fa.gz
Norovirus,wg,https://github.com/DOH-JDJ0303/vaper/blob/f244069f331775452a2a2543bfdb3d76ae92e776/assets/reference_sets/1716317527-epitome/references/Norovirus-wg-40.fa.gz
Lyssavirus_rabies,wg,https://github.com/DOH-JDJ0303/vaper/blob/f244069f331775452a2a2543bfdb3d76ae92e776/assets/reference_sets/1716317527-epitome/references/Lyssavirus_rabies-wg-2.fa.gz
Hepacivirus,wg,https://github.com/DOH-JDJ0303/vaper/blob/f244069f331775452a2a2543bfdb3d76ae92e776/assets/reference_sets/1716317527-epitome/references/Hepacivirus-wg-45.fa.gz
Hepacivirus,wg,https://github.com/DOH-JDJ0303/vaper/blob/f244069f331775452a2a2543bfdb3d76ae92e776/assets/reference_sets/1716317527-epitome/references/Hepacivirus-wg-53.fa.gz
West_Nile_virus,wg,https://github.com/DOH-JDJ0303/vaper/blob/f244069f331775452a2a2543bfdb3d76ae92e776/assets/reference_sets/1716317527-epitome/references/West_Nile_virus-wg-1.fa.gz
Lyssavirus_rabies,wg,https://github.com/DOH-JDJ0303/vaper/blob/f244069f331775452a2a2543bfdb3d76ae92e776/assets/reference_sets/1716317527-epitome/references/Lyssavirus_rabies-wg-14.fa.gz
Lyssavirus_rabies,wg,https://github.com/DOH-JDJ0303/vaper/blob/f244069f331775452a2a2543bfdb3d76ae92e776/assets/reference_sets/1716317527-epitome/references/Lyssavirus_rabies-wg-8.fa.gz
Influenza_A,seg-6_NA,https://github.com/DOH-JDJ0303/vaper/blob/f244069f331775452a2a2543bfdb3d76ae92e776/assets/reference_sets/1716317527-epitome/references/Influenza_A-seg-6_NA-44.fa.gz
Lyssavirus_rabies,wg,https://github.com/DOH-JDJ0303/vaper/blob/f244069f331775452a2a2543bfdb3d76ae92e776/assets/reference_sets/1716317527-epitome/references/Lyssavirus_rabies-wg-4.fa.gz
Influenza_A,seg-4_HA,https://github.com/DOH-JDJ0303/vaper/blob/f244069f331775452a2a2543bfdb3d76ae92e776/assets/reference_sets/1716317527-epitome/references/Influenza_A-seg-4_HA-36.fa.gz
Influenza_A,seg-5_NP,https://github.com/DOH-JDJ0303/vaper/blob/f244069f331775452a2a2543bfdb3d76ae92e776/assets/reference_sets/1716317527-epitome/references/Influenza_A-seg-5_NP-14.fa.gz
Hepacivirus,wg,https://github.com/DOH-JDJ0303/vaper/blob/f244069f331775452a2a2543bfdb3d76ae92e776/assets/reference_sets/1716317527-epitome/references/Hepacivirus-wg-72.fa.gz
Influenza_A,seg-5_NP,https://github.com/DOH-JDJ0303/vaper/blob/f244069f331775452a2a2543bfdb3d76ae92e776/assets/reference_sets/1716317527-epitome/references/Influenza_A-seg-5_NP-15.fa.gz
Influenza_A,seg-4_HA,https://github.com/DOH-JDJ0303/vaper/blob/f244069f331775452a2a2543bfdb3d76ae92e776/assets/reference_sets/1716317527-epitome/references/Influenza_A-seg-4_HA-40.fa.gz
Norovirus,wg,https://github.com/DOH-JDJ0303/vaper/blob/f244069f331775452a2a2543bfdb3d76ae92e776/assets/reference_sets/1716317527-epitome/references/Norovirus-wg-46.fa.gz
Hepacivirus,wg,https://github.com/DOH-JDJ0303/vaper/blob/f244069f331775452a2a2543bfdb3d76ae92e776/assets/reference_sets/1716317527-epitome/references/Hepacivirus-wg-4.fa.gz
Influenza_A,seg-5_NP,https://github.com/DOH-JDJ0303/vaper/blob/f244069f331775452a2a2543bfdb3d76ae92e776/assets/reference_sets/1716317527-epitome/references/Influenza_A-seg-5_NP-10.fa.gz
Influenza_A,seg-4_HA,https://github.com/DOH-JDJ0303/vaper/blob/f244069f331775452a2a2543bfdb3d76ae92e776/assets/reference_sets/1716317527-epitome/references/Influenza_A-seg-4_HA-52.fa.gz
Norovirus,wg,https://github.com/DOH-JDJ0303/vaper/blob/f244069f331775452a2a2543bfdb3d76ae92e776/assets/reference_sets/1716317527-epitome/references/Norovirus-wg-51.fa.gz
Influenza_A,seg-6_NA,https://github.com/DOH-JDJ0303/vaper/blob/f244069f331775452a2a2543bfdb3d76ae92e776/assets/reference_sets/1716317527-epitome/references/Influenza_A-seg-6_NA-18.fa.gz
Hepacivirus,wg,https://github.com/DOH-JDJ0303/vaper/blob/f244069f331775452a2a2543bfdb3d76ae92e776/assets/reference_sets/1716317527-epitome/references/Hepacivirus-wg-8.fa.gz
Hepacivirus,wg,https://github.com/DOH-JDJ0303/vaper/blob/f244069f331775452a2a2543bfdb3d76ae92e776/assets/reference_sets/1716317527-epitome/references/Hepacivirus-wg-74.fa.gz
Norovirus,wg,https://github.com/DOH-JDJ0303/vaper/blob/f244069f331775452a2a2543bfdb3d76ae92e776/assets/reference_sets/1716317527-epitome/references/Norovirus-wg-23.fa.gz
Influenza_B,seg-4_HA,https://github.com/DOH-JDJ0303/vaper/blob/f244069f331775452a2a2543bfdb3d76ae92e776/assets/reference_sets/1716317527-epitome/references/Influenza_B-seg-4_HA-1.fa.gz
Influenza_A,seg-6_NA,https://github.com/DOH-JDJ0303/vaper/blob/f244069f331775452a2a2543bfdb3d76ae92e776/assets/reference_sets/1716317527-epitome/references/Influenza_A-seg-6_NA-35.fa.gz
Influenza_A,seg-5_NP,https://github.com/DOH-JDJ0303/vaper/blob/f244069f331775452a2a2543bfdb3d76ae92e776/assets/reference_sets/1716317527-epitome/references/Influenza_A-seg-5_NP-1.fa.gz
Influenza_A,seg-5_NP,https://github.com/DOH-JDJ0303/vaper/blob/f244069f331775452a2a2543bfdb3d76ae92e776/assets/reference_sets/1716317527-epitome/references/Influenza_A-seg-5_NP-9.fa.gz
Influenza_B,seg-3_PA,https://github.com/DOH-JDJ0303/vaper/blob/f244069f331775452a2a2543bfdb3d76ae92e776/assets/reference_sets/1716317527-epitome/references/Influenza_B-seg-3_PA-1.fa.gz
Hepacivirus,wg,https://github.com/DOH-JDJ0303/vaper/blob/f244069f331775452a2a2543bfdb3d76ae92e776/assets/reference_sets/1716317527-epitome/references/Hepacivirus-wg-62.fa.gz
Influenza_A,seg-8_NS,https://github.com/DOH-JDJ0303/vaper/blob/f244069f331775452a2a2543bfdb3d76ae92e776/assets/reference_sets/1716317527-epitome/references/Influenza_A-seg-8_NS-5.fa.gz
Hepacivirus,wg,https://github.com/DOH-JDJ0303/vaper/blob/f244069f331775452a2a2543bfdb3d76ae92e776/assets/reference_sets/1716317527-epitome/references/Hepacivirus-wg-57.fa.gz
Influenza_A,seg-3_PA,https://github.com/DOH-JDJ0303/vaper/blob/f244069f331775452a2a2543bfdb3d76ae92e776/assets/reference_sets/1716317527-epitome/references/Influenza_A-seg-3_PA-3.fa.gz
Influenza_A,seg-4_HA,https://github.com/DOH-JDJ0303/vaper/blob/f244069f331775452a2a2543bfdb3d76ae92e776/assets/reference_sets/1716317527-epitome/references/Influenza_A-seg-4_HA-51.fa.gz
Norovirus,wg,https://github.com/DOH-JDJ0303/vaper/blob/f244069f331775452a2a2543bfdb3d76ae92e776/assets/reference_sets/1716317527-epitome/references/Norovirus-wg-4.fa.gz
Influenza_A,seg-3_PA,https://github.com/DOH-JDJ0303/vaper/blob/f244069f331775452a2a2543bfdb3d76ae92e776/assets/reference_sets/1716317527-epitome/references/Influenza_A-seg-3_PA-4.fa.gz
Influenza_B,seg-7_MP,https://github.com/DOH-JDJ0303/vaper/blob/f244069f331775452a2a2543bfdb3d76ae92e776/assets/reference_sets/1716317527-epitome/references/Influenza_B-seg-7_MP-1.fa.gz
Lyssavirus_rabies,wg,https://github.com/DOH-JDJ0303/vaper/blob/f244069f331775452a2a2543bfdb3d76ae92e776/assets/reference_sets/1716317527-epitome/references/Lyssavirus_rabies-wg-23.fa.gz
Influenza_A,seg-6_NA,https://github.com/DOH-JDJ0303/vaper/blob/f244069f331775452a2a2543bfdb3d76ae92e776/assets/reference_sets/1716317527-epitome/references/Influenza_A-seg-6_NA-46.fa.gz
Influenza_A,seg-6_NA,https://github.com/DOH-JDJ0303/vaper/blob/f244069f331775452a2a2543bfdb3d76ae92e776/assets/reference_sets/1716317527-epitome/references/Influenza_A-seg-6_NA-55.fa.gz
Influenza_A,seg-6_NA,https://github.com/DOH-JDJ0303/vaper/blob/f244069f331775452a2a2543bfdb3d76ae92e776/assets/reference_sets/1716317527-epitome/references/Influenza_A-seg-6_NA-53.fa.gz
Influenza_A,seg-6_NA,https://github.com/DOH-JDJ0303/vaper/blob/f244069f331775452a2a2543bfdb3d76ae92e776/assets/reference_sets/1716317527-epitome/references/Influenza_A-seg-6_NA-56.fa.gz
Hepacivirus,wg,https://github.com/DOH-JDJ0303/vaper/blob/f244069f331775452a2a2543bfdb3d76ae92e776/assets/reference_sets/1716317527-epitome/references/Hepacivirus-wg-69.fa.gz
Influenza_A,seg-4_HA,https://github.com/DOH-JDJ0303/vaper/blob/f244069f331775452a2a2543bfdb3d76ae92e776/assets/reference_sets/1716317527-epitome/references/Influenza_A-seg-4_HA-11.fa.gz
Hepatovirus,wg,https://github.com/DOH-JDJ0303/vaper/blob/f244069f331775452a2a2543bfdb3d76ae92e776/assets/reference_sets/1716317527-epitome/references/Hepatovirus-wg-1.fa.gz
Influenza_A,seg-4_HA,https://github.com/DOH-JDJ0303/vaper/blob/f244069f331775452a2a2543bfdb3d76ae92e776/assets/reference_sets/1716317527-epitome/references/Influenza_A-seg-4_HA-47.fa.gz
Hepatovirus,wg,https://github.com/DOH-JDJ0303/vaper/blob/f244069f331775452a2a2543bfdb3d76ae92e776/assets/reference_sets/1716317527-epitome/references/Hepatovirus-wg-15.fa.gz
Influenza_A,seg-4_HA,https://github.com/DOH-JDJ0303/vaper/blob/f244069f331775452a2a2543bfdb3d76ae92e776/assets/reference_sets/1716317527-epitome/references/Influenza_A-seg-4_HA-59.fa.gz
Influenza_B,seg-1_PB2,https://github.com/DOH-JDJ0303/vaper/blob/f244069f331775452a2a2543bfdb3d76ae92e776/assets/reference_sets/1716317527-epitome/references/Influenza_B-seg-1_PB2-1.fa.gz
West_Nile_virus,wg,https://github.com/DOH-JDJ0303/vaper/blob/f244069f331775452a2a2543bfdb3d76ae92e776/assets/reference_sets/1716317527-epitome/references/West_Nile_virus-wg-6.fa.gz
Hepatovirus,wg,https://github.com/DOH-JDJ0303/vaper/blob/f244069f331775452a2a2543bfdb3d76ae92e776/assets/reference_sets/1716317527-epitome/references/Hepatovirus-wg-9.fa.gz
Influenza_A,seg-4_HA,https://github.com/DOH-JDJ0303/vaper/blob/f244069f331775452a2a2543bfdb3d76ae92e776/assets/reference_sets/1716317527-epitome/references/Influenza_A-seg-4_HA-13.fa.gz
Norovirus,wg,https://github.com/DOH-JDJ0303/vaper/blob/f244069f331775452a2a2543bfdb3d76ae92e776/assets/reference_sets/1716317527-epitome/references/Norovirus-wg-12.fa.gz
Norovirus,wg,https://github.com/DOH-JDJ0303/vaper/blob/f244069f331775452a2a2543bfdb3d76ae92e776/assets/reference_sets/1716317527-epitome/references/Norovirus-wg-34.fa.gz
Hepacivirus,wg,https://github.com/DOH-JDJ0303/vaper/blob/f244069f331775452a2a2543bfdb3d76ae92e776/assets/reference_sets/1716317527-epitome/references/Hepacivirus-wg-10.fa.gz
Influenza_A,seg-6_NA,https://github.com/DOH-JDJ0303/vaper/blob/f244069f331775452a2a2543bfdb3d76ae92e776/assets/reference_sets/1716317527-epitome/references/Influenza_A-seg-6_NA-19.fa.gz
Norovirus,wg,https://github.com/DOH-JDJ0303/vaper/blob/f244069f331775452a2a2543bfdb3d76ae92e776/assets/reference_sets/1716317527-epitome/references/Norovirus-wg-60.fa.gz
Hepacivirus,wg,https://github.com/DOH-JDJ0303/vaper/blob/f244069f331775452a2a2543bfdb3d76ae92e776/assets/reference_sets/1716317527-epitome/references/Hepacivirus-wg-18.fa.gz
Hepacivirus,wg,https://github.com/DOH-JDJ0303/vaper/blob/f244069f331775452a2a2543bfdb3d76ae92e776/assets/reference_sets/1716317527-epitome/references/Hepacivirus-wg-14.fa.gz
Hepacivirus,wg,https://github.com/DOH-JDJ0303/vaper/blob/f244069f331775452a2a2543bfdb3d76ae92e776/assets/reference_sets/1716317527-epitome/references/Hepacivirus-wg-20.fa.gz
Influenza_A,seg-4_HA,https://github.com/DOH-JDJ0303/vaper/blob/f244069f331775452a2a2543bfdb3d76ae92e776/assets/reference_sets/1716317527-epitome/references/Influenza_A-seg-4_HA-44.fa.gz
Influenza_A,seg-5_NP,https://github.com/DOH-JDJ0303/vaper/blob/f244069f331775452a2a2543bfdb3d76ae92e776/assets/reference_sets/1716317527-epitome/references/Influenza_A-seg-5_NP-2.fa.gz
Norovirus,wg,https://github.com/DOH-JDJ0303/vaper/blob/f244069f331775452a2a2543bfdb3d76ae92e776/assets/reference_sets/1716317527-epitome/references/Norovirus-wg-31.fa.gz
Influenza_A,seg-3_PA,https://github.com/DOH-JDJ0303/vaper/blob/f244069f331775452a2a2543bfdb3d76ae92e776/assets/reference_sets/1716317527-epitome/references/Influenza_A-seg-3_PA-11.fa.gz
Influenza_A,seg-4_HA,https://github.com/DOH-JDJ0303/vaper/blob/f244069f331775452a2a2543bfdb3d76ae92e776/assets/reference_sets/1716317527-epitome/references/Influenza_A-seg-4_HA-28.fa.gz
Influenza_A,seg-4_HA,https://github.com/DOH-JDJ0303/vaper/blob/f244069f331775452a2a2543bfdb3d76ae92e776/assets/reference_sets/1716317527-epitome/references/Influenza_A-seg-4_HA-19.fa.gz
Norovirus,wg,https://github.com/DOH-JDJ0303/vaper/blob/f244069f331775452a2a2543bfdb3d76ae92e776/assets/reference_sets/1716317527-epitome/references/Norovirus-wg-17.fa.gz
Influenza_A,seg-6_NA,https://github.com/DOH-JDJ0303/vaper/blob/f244069f331775452a2a2543bfdb3d76ae92e776/assets/reference_sets/1716317527-epitome/references/Influenza_A-seg-6_NA-22.fa.gz
Norovirus,wg,https://github.com/DOH-JDJ0303/vaper/blob/f244069f331775452a2a2543bfdb3d76ae92e776/assets/reference_sets/1716317527-epitome/references/Norovirus-wg-50.fa.gz
Influenza_A,seg-6_NA,https://github.com/DOH-JDJ0303/vaper/blob/f244069f331775452a2a2543bfdb3d76ae92e776/assets/reference_sets/1716317527-epitome/references/Influenza_A-seg-6_NA-6.fa.gz
West_Nile_virus,wg,https://github.com/DOH-JDJ0303/vaper/blob/f244069f331775452a2a2543bfdb3d76ae92e776/assets/reference_sets/1716317527-epitome/references/West_Nile_virus-wg-8.fa.gz
Hepacivirus,wg,https://github.com/DOH-JDJ0303/vaper/blob/f244069f331775452a2a2543bfdb3d76ae92e776/assets/reference_sets/1716317527-epitome/references/Hepacivirus-wg-24.fa.gz
Influenza_A,seg-6_NA,https://github.com/DOH-JDJ0303/vaper/blob/f244069f331775452a2a2543bfdb3d76ae92e776/assets/reference_sets/1716317527-epitome/references/Influenza_A-seg-6_NA-58.fa.gz
Hepacivirus,wg,https://github.com/DOH-JDJ0303/vaper/blob/f244069f331775452a2a2543bfdb3d76ae92e776/assets/reference_sets/1716317527-epitome/references/Hepacivirus-wg-28.fa.gz
Influenza_A,seg-4_HA,https://github.com/DOH-JDJ0303/vaper/blob/f244069f331775452a2a2543bfdb3d76ae92e776/assets/reference_sets/1716317527-epitome/references/Influenza_A-seg-4_HA-21.fa.gz
Influenza_A,seg-1_PB2,https://github.com/DOH-JDJ0303/vaper/blob/f244069f331775452a2a2543bfdb3d76ae92e776/assets/reference_sets/1716317527-epitome/references/Influenza_A-seg-1_PB2-13.fa.gz
Influenza_A,seg-4_HA,https://github.com/DOH-JDJ0303/vaper/blob/f244069f331775452a2a2543bfdb3d76ae92e776/assets/reference_sets/1716317527-epitome/references/Influenza_A-seg-4_HA-25.fa.gz
Norovirus,wg,https://github.com/DOH-JDJ0303/vaper/blob/f244069f331775452a2a2543bfdb3d76ae92e776/assets/reference_sets/1716317527-epitome/references/Norovirus-wg-38.fa.gz
Norovirus,wg,https://github.com/DOH-JDJ0303/vaper/blob/f244069f331775452a2a2543bfdb3d76ae92e776/assets/reference_sets/1716317527-epitome/references/Norovirus-wg-65.fa.gz
Influenza_A,seg-1_PB2,https://github.com/DOH-JDJ0303/vaper/blob/f244069f331775452a2a2543bfdb3d76ae92e776/assets/reference_sets/1716317527-epitome/references/Influenza_A-seg-1_PB2-8.fa.gz
Norovirus,wg,https://github.com/DOH-JDJ0303/vaper/blob/f244069f331775452a2a2543bfdb3d76ae92e776/assets/reference_sets/1716317527-epitome/references/Norovirus-wg-55.fa.gz
Influenza_A,seg-6_NA,https://github.com/DOH-JDJ0303/vaper/blob/f244069f331775452a2a2543bfdb3d76ae92e776/assets/reference_sets/1716317527-epitome/references/Influenza_A-seg-6_NA-20.fa.gz
Hepacivirus,wg,https://github.com/DOH-JDJ0303/vaper/blob/f244069f331775452a2a2543bfdb3d76ae92e776/assets/reference_sets/1716317527-epitome/references/Hepacivirus-wg-54.fa.gz
Hepatovirus,wg,https://github.com/DOH-JDJ0303/vaper/blob/f244069f331775452a2a2543bfdb3d76ae92e776/assets/reference_sets/1716317527-epitome/references/Hepatovirus-wg-5.fa.gz
Influenza_A,seg-4_HA,https://github.com/DOH-JDJ0303/vaper/blob/f244069f331775452a2a2543bfdb3d76ae92e776/assets/reference_sets/1716317527-epitome/references/Influenza_A-seg-4_HA-23.fa.gz
Influenza_A,seg-6_NA,https://github.com/DOH-JDJ0303/vaper/blob/f244069f331775452a2a2543bfdb3d76ae92e776/assets/reference_sets/1716317527-epitome/references/Influenza_A-seg-6_NA-34.fa.gz
Hepacivirus,wg,https://github.com/DOH-JDJ0303/vaper/blob/f244069f331775452a2a2543bfdb3d76ae92e776/assets/reference_sets/1716317527-epitome/references/Hepacivirus-wg-33.fa.gz
Hepacivirus,wg,https://github.com/DOH-JDJ0303/vaper/blob/f244069f331775452a2a2543bfdb3d76ae92e776/assets/reference_sets/1716317527-epitome/references/Hepacivirus-wg-46.fa.gz
Hepacivirus,wg,https://github.com/DOH-JDJ0303/vaper/blob/f244069f331775452a2a2543bfdb3d76ae92e776/assets/reference_sets/1716317527-epitome/references/Hepacivirus-wg-11.fa.gz
Norovirus,wg,https://github.com/DOH-JDJ0303/vaper/blob/f244069f331775452a2a2543bfdb3d76ae92e776/assets/reference_sets/1716317527-epitome/references/Norovirus-wg-54.fa.gz
Influenza_A,seg-2_PB1,https://github.com/DOH-JDJ0303/vaper/blob/f244069f331775452a2a2543bfdb3d76ae92e776/assets/reference_sets/1716317527-epitome/references/Influenza_A-seg-2_PB1-6.fa.gz
West_Nile_virus,wg,https://github.com/DOH-JDJ0303/vaper/blob/f244069f331775452a2a2543bfdb3d76ae92e776/assets/reference_sets/1716317527-epitome/references/West_Nile_virus-wg-4.fa.gz
Influenza_A,seg-1_PB2,https://github.com/DOH-JDJ0303/vaper/blob/f244069f331775452a2a2543bfdb3d76ae92e776/assets/reference_sets/1716317527-epitome/references/Influenza_A-seg-1_PB2-17.fa.gz
Respiratory_Syncytial_Virus,wg,https://github.com/DOH-JDJ0303/vaper/blob/f244069f331775452a2a2543bfdb3d76ae92e776/assets/reference_sets/1716317527-epitome/references/Respiratory_Syncytial_Virus-wg-2.fa.gz
Norovirus,wg,https://github.com/DOH-JDJ0303/vaper/blob/f244069f331775452a2a2543bfdb3d76ae92e776/assets/reference_sets/1716317527-epitome/references/Norovirus-wg-20.fa.gz
Influenza_A,seg-4_HA,https://github.com/DOH-JDJ0303/vaper/blob/f244069f331775452a2a2543bfdb3d76ae92e776/assets/reference_sets/1716317527-epitome/references/Influenza_A-seg-4_HA-2.fa.gz
West_Nile_virus,wg,https://github.com/DOH-JDJ0303/vaper/blob/f244069f331775452a2a2543bfdb3d76ae92e776/assets/reference_sets/1716317527-epitome/references/West_Nile_virus-wg-5.fa.gz
Influenza_A,seg-6_NA,https://github.com/DOH-JDJ0303/vaper/blob/f244069f331775452a2a2543bfdb3d76ae92e776/assets/reference_sets/1716317527-epitome/references/Influenza_A-seg-6_NA-48.fa.gz
Influenza_A,seg-6_NA,https://github.com/DOH-JDJ0303/vaper/blob/f244069f331775452a2a2543bfdb3d76ae92e776/assets/reference_sets/1716317527-epitome/references/Influenza_A-seg-6_NA-13.fa.gz
Influenza_A,seg-2_PB1,https://github.com/DOH-JDJ0303/vaper/blob/f244069f331775452a2a2543bfdb3d76ae92e776/assets/reference_sets/1716317527-epitome/references/Influenza_A-seg-2_PB1-2.fa.gz
Norovirus,wg,https://github.com/DOH-JDJ0303/vaper/blob/f244069f331775452a2a2543bfdb3d76ae92e776/assets/reference_sets/1716317527-epitome/references/Norovirus-wg-26.fa.gz
Influenza_A,seg-1_PB2,https://github.com/DOH-JDJ0303/vaper/blob/f244069f331775452a2a2543bfdb3d76ae92e776/assets/reference_sets/1716317527-epitome/references/Influenza_A-seg-1_PB2-12.fa.gz
Hepatovirus,wg,https://github.com/DOH-JDJ0303/vaper/blob/f244069f331775452a2a2543bfdb3d76ae92e776/assets/reference_sets/1716317527-epitome/references/Hepatovirus-wg-13.fa.gz
Hepacivirus,wg,https://github.com/DOH-JDJ0303/vaper/blob/f244069f331775452a2a2543bfdb3d76ae92e776/assets/reference_sets/1716317527-epitome/references/Hepacivirus-wg-34.fa.gz
Influenza_A,seg-4_HA,https://github.com/DOH-JDJ0303/vaper/blob/f244069f331775452a2a2543bfdb3d76ae92e776/assets/reference_sets/1716317527-epitome/references/Influenza_A-seg-4_HA-8.fa.gz
Lyssavirus_rabies,wg,https://github.com/DOH-JDJ0303/vaper/blob/f244069f331775452a2a2543bfdb3d76ae92e776/assets/reference_sets/1716317527-epitome/references/Lyssavirus_rabies-wg-17.fa.gz
Norovirus,wg,https://github.com/DOH-JDJ0303/vaper/blob/f244069f331775452a2a2543bfdb3d76ae92e776/assets/reference_sets/1716317527-epitome/references/Norovirus-wg-24.fa.gz
Hepacivirus,wg,https://github.com/DOH-JDJ0303/vaper/blob/f244069f331775452a2a2543bfdb3d76ae92e776/assets/reference_sets/1716317527-epitome/references/Hepacivirus-wg-30.fa.gz
Influenza_A,seg-6_NA,https://github.com/DOH-JDJ0303/vaper/blob/f244069f331775452a2a2543bfdb3d76ae92e776/assets/reference_sets/1716317527-epitome/references/Influenza_A-seg-6_NA-4.fa.gz
Hepacivirus,wg,https://github.com/DOH-JDJ0303/vaper/blob/f244069f331775452a2a2543bfdb3d76ae92e776/assets/reference_sets/1716317527-epitome/references/Hepacivirus-wg-1.fa.gz
Norovirus,wg,https://github.com/DOH-JDJ0303/vaper/blob/f244069f331775452a2a2543bfdb3d76ae92e776/assets/reference_sets/1716317527-epitome/references/Norovirus-wg-61.fa.gz
Hepacivirus,wg,https://github.com/DOH-JDJ0303/vaper/blob/f244069f331775452a2a2543bfdb3d76ae92e776/assets/reference_sets/1716317527-epitome/references/Hepacivirus-wg-63.fa.gz
Lyssavirus_rabies,wg,https://github.com/DOH-JDJ0303/vaper/blob/f244069f331775452a2a2543bfdb3d76ae92e776/assets/reference_sets/1716317527-epitome/references/Lyssavirus_rabies-wg-13.fa.gz
Influenza_A,seg-8_NS,https://github.com/DOH-JDJ0303/vaper/blob/f244069f331775452a2a2543bfdb3d76ae92e776/assets/reference_sets/1716317527-epitome/references/Influenza_A-seg-8_NS-15.fa.gz
Severe_acute_respiratory_syndrome_coronavirus,wg,https://github.com/DOH-JDJ0303/vaper/blob/f244069f331775452a2a2543bfdb3d76ae92e776/assets/reference_sets/1716317527-epitome/references/Severe_acute_respiratory_syndrome_coronavirus-wg-1.fa.gz
Influenza_A,seg-6_NA,https://github.com/DOH-JDJ0303/vaper/blob/f244069f331775452a2a2543bfdb3d76ae92e776/assets/reference_sets/1716317527-epitome/references/Influenza_A-seg-6_NA-10.fa.gz
Influenza_A,seg-4_HA,https://github.com/DOH-JDJ0303/vaper/blob/f244069f331775452a2a2543bfdb3d76ae92e776/assets/reference_sets/1716317527-epitome/references/Influenza_A-seg-4_HA-35.fa.gz
Influenza_A,seg-1_PB2,https://github.com/DOH-JDJ0303/vaper/blob/f244069f331775452a2a2543bfdb3d76ae92e776/assets/reference_sets/1716317527-epitome/references/Influenza_A-seg-1_PB2-1.fa.gz
Influenza_A,seg-6_NA,https://github.com/DOH-JDJ0303/vaper/blob/f244069f331775452a2a2543bfdb3d76ae92e776/assets/reference_sets/1716317527-epitome/references/Influenza_A-seg-6_NA-42.fa.gz
Hepacivirus,wg,https://github.com/DOH-JDJ0303/vaper/blob/f244069f331775452a2a2543bfdb3d76ae92e776/assets/reference_sets/1716317527-epitome/references/Hepacivirus-wg-16.fa.gz
Influenza_A,seg-1_PB2,https://github.com/DOH-JDJ0303/vaper/blob/f244069f331775452a2a2543bfdb3d76ae92e776/assets/reference_sets/1716317527-epitome/references/Influenza_A-seg-1_PB2-9.fa.gz
Hepacivirus,wg,https://github.com/DOH-JDJ0303/vaper/blob/f244069f331775452a2a2543bfdb3d76ae92e776/assets/reference_sets/1716317527-epitome/references/Hepacivirus-wg-37.fa.gz
Influenza_A,seg-6_NA,https://github.com/DOH-JDJ0303/vaper/blob/f244069f331775452a2a2543bfdb3d76ae92e776/assets/reference_sets/1716317527-epitome/references/Influenza_A-seg-6_NA-25.fa.gz
Norovirus,wg,https://github.com/DOH-JDJ0303/vaper/blob/f244069f331775452a2a2543bfdb3d76ae92e776/assets/reference_sets/1716317527-epitome/references/Norovirus-wg-64.fa.gz
Influenza_A,seg-6_NA,https://github.com/DOH-JDJ0303/vaper/blob/f244069f331775452a2a2543bfdb3d76ae92e776/assets/reference_sets/1716317527-epitome/references/Influenza_A-seg-6_NA-50.fa.gz
Influenza_A,seg-4_HA,https://github.com/DOH-JDJ0303/vaper/blob/f244069f331775452a2a2543bfdb3d76ae92e776/assets/reference_sets/1716317527-epitome/references/Influenza_A-seg-4_HA-49.fa.gz
Influenza_B,seg-2_PB1,https://github.com/DOH-JDJ0303/vaper/blob/f244069f331775452a2a2543bfdb3d76ae92e776/assets/reference_sets/1716317527-epitome/references/Influenza_B-seg-2_PB1-1.fa.gz
Influenza_A,seg-2_PB1,https://github.com/DOH-JDJ0303/vaper/blob/f244069f331775452a2a2543bfdb3d76ae92e776/assets/reference_sets/1716317527-epitome/references/Influenza_A-seg-2_PB1-16.fa.gz
Enterovirus_D68,wg,https://github.com/DOH-JDJ0303/vaper/blob/f244069f331775452a2a2543bfdb3d76ae92e776/assets/reference_sets/1716317527-epitome/references/Enterovirus_D68-wg-1.fa.gz
Influenza_A,seg-2_PB1,https://github.com/DOH-JDJ0303/vaper/blob/f244069f331775452a2a2543bfdb3d76ae92e776/assets/reference_sets/1716317527-epitome/references/Influenza_A-seg-2_PB1-7.fa.gz
Norovirus,wg,https://github.com/DOH-JDJ0303/vaper/blob/f244069f331775452a2a2543bfdb3d76ae92e776/assets/reference_sets/1716317527-epitome/references/Norovirus-wg-41.fa.gz
Lyssavirus_rabies,wg,https://github.com/DOH-JDJ0303/vaper/blob/f244069f331775452a2a2543bfdb3d76ae92e776/assets/reference_sets/1716317527-epitome/references/Lyssavirus_rabies-wg-24.fa.gz
Influenza_A,seg-4_HA,https://github.com/DOH-JDJ0303/vaper/blob/f244069f331775452a2a2543bfdb3d76ae92e776/assets/reference_sets/1716317527-epitome/references/Influenza_A-seg-4_HA-12.fa.gz
Influenza_A,seg-1_PB2,https://github.com/DOH-JDJ0303/vaper/blob/f244069f331775452a2a2543bfdb3d76ae92e776/assets/reference_sets/1716317527-epitome/references/Influenza_A-seg-1_PB2-15.fa.gz
Influenza_A,seg-4_HA,https://github.com/DOH-JDJ0303/vaper/blob/f244069f331775452a2a2543bfdb3d76ae92e776/assets/reference_sets/1716317527-epitome/references/Influenza_A-seg-4_HA-43.fa.gz
Influenza_A,seg-6_NA,https://github.com/DOH-JDJ0303/vaper/blob/f244069f331775452a2a2543bfdb3d76ae92e776/assets/reference_sets/1716317527-epitome/references/Influenza_A-seg-6_NA-51.fa.gz
Influenza_A,seg-4_HA,https://github.com/DOH-JDJ0303/vaper/blob/f244069f331775452a2a2543bfdb3d76ae92e776/assets/reference_sets/1716317527-epitome/references/Influenza_A-seg-4_HA-50.fa.gz
Hepacivirus,wg,https://github.com/DOH-JDJ0303/vaper/blob/f244069f331775452a2a2543bfdb3d76ae92e776/assets/reference_sets/1716317527-epitome/references/Hepacivirus-wg-47.fa.gz
Hepacivirus,wg,https://github.com/DOH-JDJ0303/vaper/blob/f244069f331775452a2a2543bfdb3d76ae92e776/assets/reference_sets/1716317527-epitome/references/Hepacivirus-wg-17.fa.gz
Influenza_A,seg-8_NS,https://github.com/DOH-JDJ0303/vaper/blob/f244069f331775452a2a2543bfdb3d76ae92e776/assets/reference_sets/1716317527-epitome/references/Influenza_A-seg-8_NS-2.fa.gz
Norovirus,wg,https://github.com/DOH-JDJ0303/vaper/blob/f244069f331775452a2a2543bfdb3d76ae92e776/assets/reference_sets/1716317527-epitome/references/Norovirus-wg-47.fa.gz
Hepacivirus,wg,https://github.com/DOH-JDJ0303/vaper/blob/f244069f331775452a2a2543bfdb3d76ae92e776/assets/reference_sets/1716317527-epitome/references/Hepacivirus-wg-68.fa.gz
Hepacivirus,wg,https://github.com/DOH-JDJ0303/vaper/blob/f244069f331775452a2a2543bfdb3d76ae92e776/assets/reference_sets/1716317527-epitome/references/Hepacivirus-wg-32.fa.gz
Norovirus,wg,https://github.com/DOH-JDJ0303/vaper/blob/f244069f331775452a2a2543bfdb3d76ae92e776/assets/reference_sets/1716317527-epitome/references/Norovirus-wg-2.fa.gz
Hepacivirus,wg,https://github.com/DOH-JDJ0303/vaper/blob/f244069f331775452a2a2543bfdb3d76ae92e776/assets/reference_sets/1716317527-epitome/references/Hepacivirus-wg-19.fa.gz
Norovirus,wg,https://github.com/DOH-JDJ0303/vaper/blob/f244069f331775452a2a2543bfdb3d76ae92e776/assets/reference_sets/1716317527-epitome/references/Norovirus-wg-42.fa.gz
Measles_morbillivirus,wg,https://github.com/DOH-JDJ0303/vaper/blob/f244069f331775452a2a2543bfdb3d76ae92e776/assets/reference_sets/1716317527-epitome/references/Measles_morbillivirus-wg-1.fa.gz
Influenza_A,seg-4_HA,https://github.com/DOH-JDJ0303/vaper/blob/f244069f331775452a2a2543bfdb3d76ae92e776/assets/reference_sets/1716317527-epitome/references/Influenza_A-seg-4_HA-30.fa.gz
Norovirus,wg,https://github.com/DOH-JDJ0303/vaper/blob/f244069f331775452a2a2543bfdb3d76ae92e776/assets/reference_sets/1716317527-epitome/references/Norovirus-wg-58.fa.gz
Influenza_A,seg-3_PA,https://github.com/DOH-JDJ0303/vaper/blob/f244069f331775452a2a2543bfdb3d76ae92e776/assets/reference_sets/1716317527-epitome/references/Influenza_A-seg-3_PA-2.fa.gz
Hepacivirus,wg,https://github.com/DOH-JDJ0303/vaper/blob/f244069f331775452a2a2543bfdb3d76ae92e776/assets/reference_sets/1716317527-epitome/references/Hepacivirus-wg-48.fa.gz
Hepacivirus,wg,https://github.com/DOH-JDJ0303/vaper/blob/f244069f331775452a2a2543bfdb3d76ae92e776/assets/reference_sets/1716317527-epitome/references/Hepacivirus-wg-36.fa.gz
Influenza_A,seg-4_HA,https://github.com/DOH-JDJ0303/vaper/blob/f244069f331775452a2a2543bfdb3d76ae92e776/assets/reference_sets/1716317527-epitome/references/Influenza_A-seg-4_HA-41.fa.gz
Influenza_A,seg-6_NA,https://github.com/DOH-JDJ0303/vaper/blob/f244069f331775452a2a2543bfdb3d76ae92e776/assets/reference_sets/1716317527-epitome/references/Influenza_A-seg-6_NA-57.fa.gz
Influenza_A,seg-4_HA,https://github.com/DOH-JDJ0303/vaper/blob/f244069f331775452a2a2543bfdb3d76ae92e776/assets/reference_sets/1716317527-epitome/references/Influenza_A-seg-4_HA-54.fa.gz
West_Nile_virus,wg,https://github.com/DOH-JDJ0303/vaper/blob/f244069f331775452a2a2543bfdb3d76ae92e776/assets/reference_sets/1716317527-epitome/references/West_Nile_virus-wg-2.fa.gz
Hepacivirus,wg,https://github.com/DOH-JDJ0303/vaper/blob/f244069f331775452a2a2543bfdb3d76ae92e776/assets/reference_sets/1716317527-epitome/references/Hepacivirus-wg-6.fa.gz
Norovirus,wg,https://github.com/DOH-JDJ0303/vaper/blob/f244069f331775452a2a2543bfdb3d76ae92e776/assets/reference_sets/1716317527-epitome/references/Norovirus-wg-48.fa.gz
Influenza_A,seg-4_HA,https://github.com/DOH-JDJ0303/vaper/blob/f244069f331775452a2a2543bfdb3d76ae92e776/assets/reference_sets/1716317527-epitome/references/Influenza_A-seg-4_HA-6.fa.gz
Influenza_A,seg-4_HA,https://github.com/DOH-JDJ0303/vaper/blob/f244069f331775452a2a2543bfdb3d76ae92e776/assets/reference_sets/1716317527-epitome/references/Influenza_A-seg-4_HA-38.fa.gz
Influenza_B,seg-5_NP,https://github.com/DOH-JDJ0303/vaper/blob/f244069f331775452a2a2543bfdb3d76ae92e776/assets/reference_sets/1716317527-epitome/references/Influenza_B-seg-5_NP-1.fa.gz
Influenza_A,seg-6_NA,https://github.com/DOH-JDJ0303/vaper/blob/f244069f331775452a2a2543bfdb3d76ae92e776/assets/reference_sets/1716317527-epitome/references/Influenza_A-seg-6_NA-15.fa.gz
Hepacivirus,wg,https://github.com/DOH-JDJ0303/vaper/blob/f244069f331775452a2a2543bfdb3d76ae92e776/assets/reference_sets/1716317527-epitome/references/Hepacivirus-wg-15.fa.gz
Norovirus,wg,https://github.com/DOH-JDJ0303/vaper/blob/f244069f331775452a2a2543bfdb3d76ae92e776/assets/reference_sets/1716317527-epitome/references/Norovirus-wg-63.fa.gz
Influenza_A,seg-5_NP,https://github.com/DOH-JDJ0303/vaper/blob/f244069f331775452a2a2543bfdb3d76ae92e776/assets/reference_sets/1716317527-epitome/references/Influenza_A-seg-5_NP-8.fa.gz
Hepatovirus,wg,https://github.com/DOH-JDJ0303/vaper/blob/f244069f331775452a2a2543bfdb3d76ae92e776/assets/reference_sets/1716317527-epitome/references/Hepatovirus-wg-7.fa.gz
Influenza_A,seg-6_NA,https://github.com/DOH-JDJ0303/vaper/blob/f244069f331775452a2a2543bfdb3d76ae92e776/assets/reference_sets/1716317527-epitome/references/Influenza_A-seg-6_NA-24.fa.gz
West_Nile_virus,wg,https://github.com/DOH-JDJ0303/vaper/blob/f244069f331775452a2a2543bfdb3d76ae92e776/assets/reference_sets/1716317527-epitome/references/West_Nile_virus-wg-7.fa.gz
Influenza_A,seg-1_PB2,https://github.com/DOH-JDJ0303/vaper/blob/f244069f331775452a2a2543bfdb3d76ae92e776/assets/reference_sets/1716317527-epitome/references/Influenza_A-seg-1_PB2-11.fa.gz
Influenza_B,seg-6_NA,https://github.com/DOH-JDJ0303/vaper/blob/f244069f331775452a2a2543bfdb3d76ae92e776/assets/reference_sets/1716317527-epitome/references/Influenza_B-seg-6_NA-1.fa.gz
Norovirus,wg,https://github.com/DOH-JDJ0303/vaper/blob/f244069f331775452a2a2543bfdb3d76ae92e776/assets/reference_sets/1716317527-epitome/references/Norovirus-wg-66.fa.gz
Hepacivirus,wg,https://github.com/DOH-JDJ0303/vaper/blob/f244069f331775452a2a2543bfdb3d76ae92e776/assets/reference_sets/1716317527-epitome/references/Hepacivirus-wg-64.fa.gz
Influenza_A,seg-4_HA,https://github.com/DOH-JDJ0303/vaper/blob/f244069f331775452a2a2543bfdb3d76ae92e776/assets/reference_sets/1716317527-epitome/references/Influenza_A-seg-4_HA-27.fa.gz
Hepacivirus,wg,https://github.com/DOH-JDJ0303/vaper/blob/f244069f331775452a2a2543bfdb3d76ae92e776/assets/reference_sets/1716317527-epitome/references/Hepacivirus-wg-70.fa.gz
Influenza_A,seg-4_HA,https://github.com/DOH-JDJ0303/vaper/blob/f244069f331775452a2a2543bfdb3d76ae92e776/assets/reference_sets/1716317527-epitome/references/Influenza_A-seg-4_HA-9.fa.gz
Norovirus,wg,https://github.com/DOH-JDJ0303/vaper/blob/f244069f331775452a2a2543bfdb3d76ae92e776/assets/reference_sets/1716317527-epitome/references/Norovirus-wg-44.fa.gz
